cherry,keen.timestamp,keen.created_at,keen.id
pie,2020-02-24T20:06:54.432Z,2020-02-24T20:06:54.432Z,5e542cdec2137400012d418d
null,2020-02-24T20:06:54.432Z,2020-02-24T20:06:54.432Z,5e542cdec2137400012d418c
null,2020-02-24T20:06:54.432Z,2020-02-24T20:06:54.432Z,5e542cdec2137400012d418b
pie,2020-02-24T20:06:53.318Z,2020-02-24T20:06:53.318Z,5e542cdd72dc450001d31554
null,2020-02-24T20:06:53.317Z,2020-02-24T20:06:53.317Z,5e542cdd72dc450001d31553
null,2020-02-24T20:06:53.317Z,2020-02-24T20:06:53.317Z,5e542cdd72dc450001d31552
pie,2020-02-24T20:06:52.209Z,2020-02-24T20:06:52.209Z,5e542cdca6580f0001721285
null,2020-02-24T20:06:52.209Z,2020-02-24T20:06:52.209Z,5e542cdca6580f0001721284
null,2020-02-24T20:06:52.209Z,2020-02-24T20:06:52.209Z,5e542cdca6580f0001721283
pie,2020-02-24T20:06:51.162Z,2020-02-24T20:06:51.162Z,5e542cdb34520e00011f717f
null,2020-02-24T20:06:51.162Z,2020-02-24T20:06:51.162Z,5e542cdb34520e00011f717e
null,2020-02-24T20:06:51.161Z,2020-02-24T20:06:51.161Z,5e542cdb34520e00011f717d
pie,2020-02-24T20:06:50.045Z,2020-02-24T20:06:50.045Z,5e542cdaf28efc000139cbcb
null,2020-02-24T20:06:50.045Z,2020-02-24T20:06:50.045Z,5e542cdaf28efc000139cbca
null,2020-02-24T20:06:50.044Z,2020-02-24T20:06:50.044Z,5e542cdaf28efc000139cbc9
pie,2020-02-24T20:06:48.907Z,2020-02-24T20:06:48.907Z,5e542cd8efffb00001a4f24c
null,2020-02-24T20:06:48.907Z,2020-02-24T20:06:48.907Z,5e542cd8efffb00001a4f24b
null,2020-02-24T20:06:48.907Z,2020-02-24T20:06:48.907Z,5e542cd8efffb00001a4f24a
pie,2020-02-24T20:06:47.829Z,2020-02-24T20:06:47.829Z,5e542cd79e67ff0001cacc27
null,2020-02-24T20:06:47.829Z,2020-02-24T20:06:47.829Z,5e542cd79e67ff0001cacc26
null,2020-02-24T20:06:47.829Z,2020-02-24T20:06:47.829Z,5e542cd79e67ff0001cacc25
pie,2020-02-24T20:06:46.763Z,2020-02-24T20:06:46.763Z,5e542cd64cef16000159d86f
null,2020-02-24T20:06:46.763Z,2020-02-24T20:06:46.763Z,5e542cd64cef16000159d86e
null,2020-02-24T20:06:46.763Z,2020-02-24T20:06:46.763Z,5e542cd64cef16000159d86d
pie,2020-02-24T20:06:45.683Z,2020-02-24T20:06:45.683Z,5e542cd599b20c0001c2d3ac
null,2020-02-24T20:06:45.683Z,2020-02-24T20:06:45.683Z,5e542cd599b20c0001c2d3ab
null,2020-02-24T20:06:45.683Z,2020-02-24T20:06:45.683Z,5e542cd599b20c0001c2d3aa
pie,2020-02-24T20:06:44.587Z,2020-02-24T20:06:44.587Z,5e542cd4f9c1b000019b3835
null,2020-02-24T20:06:44.587Z,2020-02-24T20:06:44.587Z,5e542cd4f9c1b000019b3834
null,2020-02-24T20:06:44.587Z,2020-02-24T20:06:44.587Z,5e542cd4f9c1b000019b3833
pie,2020-02-24T20:06:43.471Z,2020-02-24T20:06:43.471Z,5e542cd397aefa00012d827d
null,2020-02-24T20:06:43.471Z,2020-02-24T20:06:43.471Z,5e542cd397aefa00012d827c
null,2020-02-24T20:06:43.470Z,2020-02-24T20:06:43.470Z,5e542cd397aefa00012d827b
pie,2020-02-24T20:06:41.572Z,2020-02-24T20:06:41.572Z,5e542cd16af86c0001025e0f
null,2020-02-24T20:06:41.572Z,2020-02-24T20:06:41.572Z,5e542cd16af86c0001025e0e
null,2020-02-24T20:06:41.571Z,2020-02-24T20:06:41.571Z,5e542cd16af86c0001025e0d
pie,2020-02-24T20:06:40.539Z,2020-02-24T20:06:40.539Z,5e542cd03db2620001449649
null,2020-02-24T20:06:40.539Z,2020-02-24T20:06:40.539Z,5e542cd03db2620001449648
null,2020-02-24T20:06:40.538Z,2020-02-24T20:06:40.538Z,5e542cd03db2620001449647
pie,2020-02-24T20:06:39.559Z,2020-02-24T20:06:39.559Z,5e542ccf0916490001a123d3
null,2020-02-24T20:06:39.559Z,2020-02-24T20:06:39.559Z,5e542ccf0916490001a123d2
null,2020-02-24T20:06:39.559Z,2020-02-24T20:06:39.559Z,5e542ccf0916490001a123d1
pie,2020-02-24T20:06:38.506Z,2020-02-24T20:06:38.506Z,5e542cce05f86a0001fef766
null,2020-02-24T20:06:38.506Z,2020-02-24T20:06:38.506Z,5e542cce05f86a0001fef765
null,2020-02-24T20:06:38.506Z,2020-02-24T20:06:38.506Z,5e542cce05f86a0001fef764
pie,2020-02-24T20:06:37.465Z,2020-02-24T20:06:37.465Z,5e542ccd07e4790001ba1298
null,2020-02-24T20:06:37.464Z,2020-02-24T20:06:37.464Z,5e542ccd07e4790001ba1297
null,2020-02-24T20:06:37.464Z,2020-02-24T20:06:37.464Z,5e542ccd07e4790001ba1296
pie,2020-02-24T20:06:36.418Z,2020-02-24T20:06:36.418Z,5e542cccae7366000185e57e
null,2020-02-24T20:06:36.418Z,2020-02-24T20:06:36.418Z,5e542cccae7366000185e57d
null,2020-02-24T20:06:36.417Z,2020-02-24T20:06:36.417Z,5e542cccae7366000185e57c
pie,2020-02-24T20:06:35.301Z,2020-02-24T20:06:35.301Z,5e542ccbbfb0030001752252
null,2020-02-24T20:06:35.301Z,2020-02-24T20:06:35.301Z,5e542ccbbfb0030001752251
null,2020-02-24T20:06:35.301Z,2020-02-24T20:06:35.301Z,5e542ccbbfb0030001752250
pie,2020-02-24T20:06:34.231Z,2020-02-24T20:06:34.231Z,5e542ccafbb7670001552593
null,2020-02-24T20:06:34.231Z,2020-02-24T20:06:34.231Z,5e542ccafbb7670001552592
null,2020-02-24T20:06:34.231Z,2020-02-24T20:06:34.231Z,5e542ccafbb7670001552591
pie,2020-02-24T20:06:33.122Z,2020-02-24T20:06:33.122Z,5e542cc9e1d8750001097eab
null,2020-02-24T20:06:33.121Z,2020-02-24T20:06:33.121Z,5e542cc9e1d8750001097eaa
null,2020-02-24T20:06:33.121Z,2020-02-24T20:06:33.121Z,5e542cc9e1d8750001097ea9
pie,2020-02-24T20:06:31.754Z,2020-02-24T20:06:31.754Z,5e542cc777ab4c00017e19d4
null,2020-02-24T20:06:31.754Z,2020-02-24T20:06:31.754Z,5e542cc777ab4c00017e19d3
null,2020-02-24T20:06:31.753Z,2020-02-24T20:06:31.753Z,5e542cc777ab4c00017e19d2
pie,2020-02-24T20:06:30.441Z,2020-02-24T20:06:30.441Z,5e542cc60c1c9b00017a9c90
null,2020-02-24T20:06:30.441Z,2020-02-24T20:06:30.441Z,5e542cc60c1c9b00017a9c8f
null,2020-02-24T20:06:30.441Z,2020-02-24T20:06:30.441Z,5e542cc60c1c9b00017a9c8e
pie,2020-02-24T20:06:27.916Z,2020-02-24T20:06:27.916Z,5e542cc3d92a840001671622
null,2020-02-24T20:06:27.916Z,2020-02-24T20:06:27.916Z,5e542cc3d92a840001671621
null,2020-02-24T20:06:27.915Z,2020-02-24T20:06:27.915Z,5e542cc3d92a840001671620